Unnamed: 0.1,Unnamed: 0,Text,Sentiment,Timestamp,User,Platform,Hashtags,Retweets,Likes,Country,Year,Month,Day,Hour
605,609,Exploring the world of digital art. It's never too late to discover new passions. #DigitalArtistry #LateBloomer , Curiosity ,2023-06-13 14:45:00, ArtAdventurer , Facebook , #ArtDiscovery #SeniorArtist ,22.0,45.0, Canada,2023,6,13,14
34,35, Feeling inspired after attending a workshop.       , Positive  ,2023-01-26 09:45:00, WorkshopAttendee, Instagram , #Inspiration #Workshop                  ,25.0,50.0,USA,2023,1,26,9
301,305," Eyes wide open in the night, fearful shadows dancing on the walls, the mind a prisoner of imagined horrors. ", Fearful ,2022-05-12 02:00:00, NightPrisoner , Facebook , #Fearful #ImaginedHorrors ,18.0,36.0, India ,2022,5,12,2
458,462,"A soul weathered by the storm of heartbreak, seeking refuge in the calm after. ", Heartbreak ,2019-04-18 11:00:00, StormSeeker , Twitter , #Heartbreak #CalmAfterStorm ,22.0,45.0, Brazil ,2019,4,18,11
635,639,"Attended a wine tasting event, savoring the richness of flavors that age like fine wine. Cheers to the golden years! #WineTasting #SeniorWineLover ", Joy ,2023-07-13 20:00:00, SeniorWineConnoisseur , Instagram , #AgedToPerfection #SeniorCheers ,35.0,70.0, UK,2023,7,13,20
558,562,"Despite meticulous training, the swimmer faces disappointment as a split-second miscalculation costs them the lead in a crucial race. ", Miscalculation ,2015-06-28 20:00:00, SwimmingEnthusiastRaceSetback , Instagram , #Miscalculation #SwimmingDisappointment ,28.0,55.0, Australia ,2015,6,28,20
40,41, Excited about the upcoming gaming tournament.      , Positive  ,2023-01-28 09:00:00, GamingEnthusiast, Instagram , #Gaming #Tournament                     ,30.0,60.0,USA,2023,1,28,9
357,361,Reflecting on personal growth achieved through life experiences.  , Reflection    ,2019-03-08 18:30:00, GrowthSeeker    , Instagram , #Reflection #PersonalGrowth              ,35.0,70.0, USA               ,2019,3,8,18
727,731,Achieving a personal best in a track and field competition. The thrill of victory and self-improvement! , Happy ,2016-09-14 12:30:00, TrackFieldSuccessHighSchool , Twitter , #AthleticAchievement #HighSchoolSports ,26.0,51.0, Canada,2016,9,14,12
516,520,"Immersed in the pulsating beats of a Bruno Mars concert, where 'Uptown Funk' becomes a city of joy. ", Joy ,2017-03-28 20:30:00, MarsJoyExplorer , Facebook , #Joy #BrunoMars ,28.0,55.0, USA ,2017,3,28,20
437,441,"Sorrowful echoes, a symphony of pain played by the strings of loss. ", Sorrow      ,2018-05-22 20:45:00, StringsOfSorrow , Twitter  , #Sorrow #SymphonyOfLoss                ,18.0,35.0, Germany     ,2018,5,22,20
356,360,Anticipation for an upcoming adventure in an exotic destination.   , Anticipation  ,2022-07-25 10:00:00, Wanderlust      , Twitter  , #Anticipation #AdventureAwaits           ,40.0,80.0, India             ,2022,7,25,10
165,167," Overwhelmed by grief, missing a loved one dearly.  ", Grief           ,2022-07-05 15:45:00, MourningHeart     , Instagram , #Grief #Loss                                   ,8.0,15.0, Canada          ,2022,7,5,15
699,703,Encountering online toxicity during a gaming session. Hateful comments can ruin the fun. , Hate ,2023-09-26 14:15:00, GamingToxicityHighSchool , Twitter , #OnlineGaming #HighSchoolGamer ,16.0,32.0, USA,2023,9,26,14
67,69, Finding acceptance in the midst of life's challenges.   , Acceptance   ,2023-02-16 18:20:00, AcceptanceSeeker, Facebook , #Acceptance #Challenges                     ,15.0,30.0, Canada     ,2023,2,16,18
79,81, Heartfelt sadness after bidding farewell to a dear friend. , Sadness      ,2023-02-21 14:45:00, FarewellHeart   , Facebook , #Sadness #Farewell                          ,25.0,50.0, India      ,2023,2,21,14
73,75, Excitement building up for the upcoming vacation!       , Excitement   ,2023-02-18 18:45:00, VacationDreamer , Facebook , #Excitement #TravelPlans                   ,22.0,45.0, Canada    ,2023,2,18,18
409,413,Euphoria floods in as the final puzzle piece fits perfectly.       , Euphoria     ,2022-06-08 15:30:00, PuzzleSolver    , Instagram , #Euphoria #PerfectPuzzle               ,20.0,40.0, Denmark         ,2022,6,8,15
182,184," Frustration boils over, a volcanic eruption of emotions.", Frustration ,2017-04-10 14:45:00, ExplosiveMind    , Twitter  , #Frustration #EmotionalOutburst             ,12.0,25.0, USA          ,2017,4,10,14
381,385,A burst of creativity in the quiet solitude of an artist's studio.  , Creativity   ,2015-09-01 16:00:00, StudioArtist    , Twitter  , #Creativity #ArtistsHaven               ,15.0,30.0, Italy           ,2015,9,1,16
608,612,"Attended a classical music concert, feeling the timeless melodies resonate. Music transcends generations. #ClassicalMusic #TimelessMelodies ", Joy ,2023-06-16 21:45:00, MusicConnoisseur , Facebook , #MusicLover #SeniorConcert ,18.0,35.0, Canada,2023,6,16,21
417,421,Spark of inspiration ignites like a shooting star in the night sky. , Spark        ,2018-02-10 23:30:00, NightSkyWatcher , Facebook , #Spark #InspirationIgnited             ,30.0,60.0, Australia      ,2018,2,10,23
469,473,"In the gallery of broken promises, each shattered vow framed, a painful exhibition. ", Betrayal ,2022-01-28 13:45:00, PromiseGallery , Facebook , #Betrayal #ShatteredVows ,15.0,30.0, Brazil ,2022,1,28,13
66,68, A surprise gift from a friend made my day!              , Surprise     ,2023-02-16 14:45:00, HappySurprise   , Instagram , #Surprise #Gift                              ,25.0,50.0, USA          ,2023,2,16,14
55,57, Heartbroken after hearing the news about a natural disaster. , Sadness      ,2023-02-12 14:45:00, EmpathyFirst    , Facebook , #Sadness #NaturalDisaster                    ,25.0,50.0, India      ,2023,2,12,14
236,240," Curiosity driving the exploration of the unknown, a seeker of knowledge in uncharted territories. ", Curiosity       ,2022-05-08 08:45:00, SeekerOfUnknowns  , Instagram , #Curiosity #SeekerOfKnowledge            ,22.0,45.0, UK            ,2022,5,8,8
82,84, Laughter is the key to joy—attending a stand-up comedy show. , Joy          ,2023-02-22 19:30:00, StandUpFan      , Facebook , #Joy #StandUpComedy                         ,22.0,45.0, Canada    ,2023,2,22,19
500,504,"At the summit of Machu Picchu, a breathtaking panorama that whispers the secrets of ancient civilizations. ", Awe ,2017-11-05 22:00:00, MachuPicchuAdventurer , Facebook , #Awe #AncientCivilizations ,28.0,55.0, Peru ,2017,11,5,22
406,410,Savoring the warmth of a cup of cocoa on a chilly winter evening.   , Coziness     ,2020-01-12 18:00:00, WinterWarmth    , Instagram , #Coziness #WarmWinterEvening           ,30.0,60.0, Switzerland     ,2020,1,12,18
719,723,Celebrating a friend's birthday with a surprise party. Joyful moments and laughter all around! , Happy ,2023-10-16 15:45:00, BirthdaySurpriseHighSchool , Instagram , #SurpriseParty #HighSchoolCelebration ,27.0,52.0, UK,2023,10,16,15
345,349,Inspiration strikes while observing the colors of a vibrant sunset., Inspiration   ,2020-06-10 20:45:00, SunsetWatcher   , Instagram , #Inspiration #ColorfulSunset             ,30.0,60.0, UK                ,2020,6,10,20
287,291," Bathed in the golden hues of gratefulness, a sunset of appreciation casting its warm glow on the landscapes of the heart. ", Grateful ,2022-04-01 18:30:00, SunsetAdmirer , Instagram , #Grateful #GoldenHues ,19.0,38.0, Australia ,2022,4,1,18
474,478,"Chasing dreams under the vibrant sky, a journey fueled by hope and enthusiasm. ", Enthusiasm ,2019-10-28 14:15:00, DreamChaser , Instagram , #Enthusiasm #HopefulJourney ,30.0,60.0, Australia ,2019,10,28,14
594,598,Decided to learn a new instrument. Day one: Still trying to figure out how to hold it. #MusicNovice #LearningJourney , Frustration ,2023-06-02 14:30:00, MusicalExplorer , Instagram , #InstrumentLearning #TeenMusic ,28.0,55.0, UK,2023,6,2,14
723,727,Winning a friendly sports competition against rival schools. Victory celebrations in full swing! , Happy ,2023-10-20 14:15:00, SportsVictoryHighSchool , Twitter , #SportsTriumph #HighSchoolAthletics ,26.0,50.0, USA,2023,10,20,14
450,454,"Avoiding the shards of shattered dreams, walking the tightrope of resilience. ", Resilience ,2020-07-18 15:15:00, DreamTightrope , Twitter , #Resilience #TightropeWalk ,35.0,70.0, Japan ,2020,7,18,15
603,607,Relishing a peaceful afternoon with a classic novel. Quiet moments are the best moments. #BookLover #PeacefulAfternoon , Contentment ,2023-06-11 15:30:00, NovelEnthusiast , Instagram , #QuietMoments #BookishEscape ,35.0,70.0, USA,2023,6,11,15
576,580,"At the astronomy observatory, the stargazer marvels at the vastness of the cosmos, contemplating the mysteries hidden within the celestial expanse. ", Celestial Wonder ,2016-09-22 20:00:00, AstronomyEnthusiastStargazing , Facebook , #CelestialWonder #Stargazing ,18.0,35.0, USA ,2016,9,22,20
327,331," Devastated, a heart in ruins, the echoes of shattered dreams reverberating in the chambers, a requiem for what once was whole. ", Devastated ,2022-10-28 11:15:00, RuinedHeart , Instagram , #Devastated #EchoesOfShatteredDreams ,25.0,50.0, Australia ,2022,10,28,11
10,10, Just published a new blog post. Check it out!      , Positive  ,2023-01-17 15:15:00, BloggerX     , Instagram , #Blogging #NewPost                      ,22.0,45.0,USA,2023,1,17,15
110,112," Revisiting old memories, feeling a sense of elation. ", Elation       ,2010-05-15 15:30:00, NostalgiaFan    , Twitter  , #Elation #Memories                             ,20.0,40.0, Canada    ,2010,5,15,15
432,436,"Painful echoes of a love once cherished, now lost in the abyss of time. ", LostLove ,2016-11-22 09:45:00, AbyssOfTime     , Facebook , #LostLove #PainfulEchoes               ,22.0,45.0, Netherlands  ,2016,11,22,9
580,584,"Exploring the historical architecture of an ancient city, the traveler is transported to a bygone era, where each monument whispers tales of the past. ", Whispers of the Past ,2019-04-18 20:30:00, HistoryExplorerAncientCityTour , Twitter , #WhispersOfThePast #HistoricalTour ,35.0,70.0, Greece ,2019,4,18,20
156,158, Empowerment through learning a new skill.            , Empowerment   ,2014-07-10 13:15:00, SkillEmpower    , Instagram , #Empowerment #SkillBuilding                   ,25.0,50.0, India   ,2014,7,10,13
412,416,Giddy with excitement as the first snowflakes dance from the sky. , Excitement   ,2020-12-02 17:30:00, SnowfallEnthusiast , Twitter  , #Excitement #SnowfallMagic             ,22.0,45.0, Canada         ,2020,12,2,17
341,345,Bittersweet emotions arise while bidding farewell to a dear friend. , Bittersweet ,2020-03-15 18:30:00, FarewellSender , Instagram , #Bittersweet #Farewell                     ,20.0,40.0, Japan             ,2020,3,15,18
199,201," The complex puzzle of life leaves me in a state of perpetual confusion, seeking answers in the chaos. ", Confusion       ,2020-04-02 09:45:00, SeekingClarity    , Facebook , #Confusion #LifePuzzle                     ,10.0,20.0, UK           ,2020,4,2,9
527,531,"At a U2 concert, the anthemic chords of 'With or Without You' create a timeless moment of connection. ", Connection ,2016-05-15 19:30:00, U2ConnectionSeeker , Instagram , #Connection #U2Anthem ,25.0,50.0, Ireland ,2016,5,15,19
515,519,"Swaying to Ed Sheeran's acoustic melodies, a serene evening filled with 'Perfect' moments. ", Serenity ,2020-08-18 19:00:00, SheeranMelodyLover , Twitter , #Serenity #EdSheeranConcert ,18.0,35.0, UK ,2020,8,18,19
451,455,"Suffocating in the silence of solitude, where echoes of laughter once thrived. ", Isolation ,2022-05-20 20:30:00, EchoedLaughter , Instagram , #Isolation #SilentSolitude ,30.0,60.0, South Africa ,2022,5,20,20
248,252," Dancing through life with the exuberance of a carefree spirit, embracing joy and zest at every turn. ", Zest ,2018-07-12 17:45:00, JoyfulDancer , Twitter , #Zest #CarefreeSpirit ,15.0,30.0, USA ,2018,7,12,17
352,356,Excitement builds while preparing for a surprise celebration.     , Excitement    ,2023-03-05 15:00:00, CelebrationPlanner , Facebook , #Excitement #SurpriseCelebration         ,30.0,60.0, Australia          ,2023,3,5,15
358,362,Nostalgic memories flood in while revisiting childhood favorites. , Nostalgia     ,2017-01-28 21:15:00, ChildhoodMemories , Facebook , #Nostalgia #ChildhoodFavorites           ,20.0,40.0, Australia          ,2017,1,28,21
211,213," Melancholy whispers in the breeze, a silent conversation with the echoes of forgotten dreams. ", Melancholy      ,2020-03-01 19:00:00, DreamerInSilence  , Facebook , #Melancholy #WhispersInTheBreeze         ,12.0,25.0, India         ,2020,3,1,19
228,232," Navigating through the labyrinth of thoughts, confusion a constant companion in the maze of ideas. ", Confusion       ,2021-05-02 11:45:00, MazeNavigator     , Facebook , #Confusion #ThoughtLabyrinth              ,14.0,28.0, Australia    ,2021,5,2,11
245,249," Immerse in the serenity of a moonlit night, where the quiet whispers of nature bring peace to the soul. ", Serenity        ,2020-05-12 19:30:00, MoonlitSoul       , Instagram , #Serenity #MoonlitPeace                  ,25.0,50.0, USA          ,2020,5,12,19
266,270," Proudly scaling the peaks of achievement, a mountaineer conquering challenges and planting the flag of success. ", Proud ,2020-01-05 08:45:00, PeakConqueror , Twitter , #Proud #ScalingPeaks ,23.0,46.0, USA ,2020,1,5,8
121,123, Feeling a sense of fulfillment after reaching a milestone., Fulfillment  ,2019-03-28 18:20:00, MilestoneAchiever, Facebook , #Fulfillment #Milestone                       ,22.0,45.0, India     ,2019,3,28,18
149,151, Reverence for the historical significance of a landmark., Reverence ,2017-11-01 15:30:00, HistoryBuff     , Twitter  , #Reverence #HistoricalSite                   ,18.0,35.0, Australia ,2017,11,1,15
582,586,Ran out of snacks during a movie marathon. Crisis level: Emergency! #MovieNightStruggles #TeenProblems , Boredom ,2023-05-21 21:00:00, MovieBuff , Instagram , #SnackCrisis #TeenLife ,18.0,35.0, Canada,2023,5,21,21
470,474,"The echoes of solitude, a silent conversation between a soul and its shadows. ", Solitude ,2016-06-15 22:30:00, EchoedConversation , Instagram , #Solitude #ShadowConversation ,30.0,60.0, Spain ,2016,6,15,22
544,548,"Witnessing a record-breaking marathon, spectators are filled with awe and admiration for the endurance and dedication of the runners. ", Admiration ,2021-11-07 17:30:00, MarathonSpectatorRecordBreaking , Instagram , #Admiration #MarathonRecords ,22.0,45.0, Kenya ,2021,11,7,17
98,100, Witnessed an act of kindness that made my day.          , Kind         ,2023-02-28 11:30:00, KindnessObserver, Twitter  , #Kindness #ActsOfKindness                  ,20.0,40.0, USA       ,2023,2,28,11
597,601,Spontaneously booked a weekend getaway. Adventure awaits! #TravelBug #WeekendEscape , Excitement ,2023-06-05 10:00:00, AdventureSeeker , Instagram , #GetawayGoals #TeenTravel ,18.0,35.0, UK,2023,6,5,10
494,498,"Amidst the tulip fields of Keukenhof, a tapestry of colors that paints the soul with springtime joy. ", Joy ,2021-04-02 18:20:00, KeukenhofAdventurer , Instagram , #Joy #SpringtimeColors ,35.0,70.0, Netherlands ,2021,4,2,18
538,542,"As the movie credits roll, the viewer experiences a mix of awe and contemplation, pondering the deeper meanings woven into the storyline. ", Contemplation ,2019-11-05 21:15:00, FilmBuffContemplativeViewer , Instagram , #Contemplation #DeepMeanings ,28.0,55.0, Germany ,2019,11,5,21
552,556,"In the tennis tournament, a highly anticipated player experiences a setback, leaving fans in shock and questioning the unforeseen turn of events. ", Frustration ,2018-07-10 21:15:00, TennisEnthusiastUnexpectedSetback , Instagram , #Frustration #TennisSetback ,35.0,70.0, USA ,2018,7,10,21
212,214," Stumbling upon an old journal, nostalgia flooding in waves, carrying me to moments long gone. ", Nostalgia       ,2018-07-10 15:45:00, JournalKeeper     , Twitter  , #Nostalgia #JournalMoments               ,10.0,20.0, Canada        ,2018,7,10,15
64,66, Experiencing awe at the breathtaking sunset.            , Awe          ,2023-02-15 20:30:00, AweStruck       , Facebook , #Awe #Breathtaking                          ,22.0,45.0, Australia   ,2023,2,15,20
626,630,"Hosted a family dinner, where laughter echoed louder than the clinking of utensils. Family, the heart of happiness. #FamilyDinner #SeniorHost ", Contentment ,2023-07-04 17:00:00, FamilyHostSenior , Instagram , #HeartwarmingMoments #SeniorFamily ,35.0,70.0, USA,2023,7,4,17
78,80, The fear of the unknown is keeping me up at night.    , Fear         ,2023-02-20 21:15:00, FearfulDreamer  , Instagram , #Fear #Unknown                               ,15.0,30.0, USA          ,2023,2,20,21
50,51, Feeling optimistic about the week ahead.           , Positive  ,2023-01-31 16:20:00, OptimisticMindset, Twitter  , #Optimism #NewWeek                     ,15.0,30.0, Canada   ,2023,1,31,16
339,343,Excitement builds as the countdown to a long-awaited vacation begins. , Excitement ,2023-01-10 12:00:00, VacationDreamer , Instagram , #Excitement #VacationCountdown        ,30.0,60.0, France            ,2023,1,10,12
119,121, Arousal of excitement as I await a special announcement., Arousal       ,2017-10-30 11:30:00, ExcitementFan   , Twitter  , #Arousal #Excitement                           ,20.0,40.0, Australia ,2017,10,30,11
425,429,"Shattered by betrayal, trust crumbles like fragile glass.          ", Betrayal      ,2018-09-10 13:15:00, BrokenTrust     , Twitter  , #Betrayal #ShatteredTrust               ,22.0,45.0, Germany         ,2018,9,10,13
102,104, Excitement for a quiet evening with a good book.        , Excitement   ,2023-03-01 13:30:00, BookwormJoy     , Instagram , #Excitement #BookTime                       ,18.0,35.0, USA          ,2023,3,1,13
482,486,"Surrounded by the colors of joy, a canvas painted with laughter and endless smiles. ", Joy ,2019-07-02 17:00:00, ColorfulLaughter , Instagram , #Joy #EndlessSmiles ,40.0,80.0, Canada ,2019,7,2,17
291,295," Whispering tales of inspiration to the stars, a storyteller crafting constellations from the threads of imagination. ", Inspired ,2020-08-29 20:45:00, StarStoryteller , Facebook , #Inspired #TalesToTheStars ,14.0,28.0, UK ,2020,8,29,20
23,23, Just finished a challenging workout routine.       , Positive  ,2023-01-22 09:15:00, FitnessWarrior, Twitter  , #Fitness #ChallengeAccepted             ,20.0,40.0, UK       ,2023,1,22,9
159,161, Arousal of excitement for an upcoming festival.       , Arousal       ,2017-09-25 11:30:00, FestivalFan     , Instagram , #Arousal #FestivalExcitement               ,20.0,40.0, UK ,2017,9,25,11
728,732,Collaborating on a science project that received recognition at a regional fair. Science triumphs and smiles! , Happy ,2017-08-18 18:20:00, ScienceProjectSuccessHighSchool , Facebook , #ScienceFairWinner #HighSchoolScience ,20.0,39.0, UK,2017,8,18,18
87,89, Sending affectionate vibes to friends and family.        , Affection    ,2023-02-24 16:00:00, FamilyLover     , Instagram , #Affection #FamilyLove                      ,15.0,30.0,USA,2023,2,24,16
545,549,"In the tennis grand slam, a fierce rivalry unfolds, captivating fans with a display of skill and sportsmanship on the world stage. ", Captivation ,2017-09-10 20:15:00, TennisEnthusiastGrandSlamDrama , Twitter , #Captivation #TennisRivalry ,28.0,55.0, UK ,2017,9,10,20
669,673,Tried a magic trick to impress classmates. Magic fail: Where did that rabbit go? , Embarrassed ,2023-08-27 20:45:00, MagicFailHighSchool , Instagram , #MagicFail #HighSchoolMagic ,22.0,45.0, UK,2023,8,27,20
336,340,Thrilled to witness the grandeur of a cultural festival.       , Thrill        ,2020-09-15 14:45:00, CultureEnthusiast , Instagram , #Thrill #CulturalCelebration              ,40.0,80.0, India              ,2020,9,15,14
731,735,"Participating in a multicultural festival, celebrating diversity with music, dance, and delicious food! ", Happy ,2020-02-29 20:45:00, MulticulturalFestivalJoyHighSchool , Facebook , #CulturalCelebration #HighSchoolUnity ,21.0,43.0, UK,2020,2,29,20
267,271," Embraced by the hopeful dawn, a gardener sowing seeds of optimism, tending to the blooms of a brighter tomorrow. ", Hopeful ,2022-07-17 06:15:00, DawnGardener , Instagram , #Hopeful #SeedsOfOptimism ,14.0,28.0, UK ,2022,7,17,6
328,332," Frustrated attempts to untangle the knot of confusion, the threads of understanding slipping further into the labyrinth of miscommunication. ", Frustrated ,2020-11-01 12:30:00, KnotUntangler , Facebook , #Frustrated #LabyrinthOfMiscommunication ,14.0,28.0, India ,2020,11,1,12
343,347,Admiration for the intricate details of a handcrafted masterpiece. , Admiration    ,2019-08-20 16:00:00, CraftEnthusiast , Instagram , #Admiration #HandcraftedArt               ,25.0,50.0, USA               ,2019,8,20,16
353,357,Satisfaction derived from successfully completing a DIY project.  , Satisfaction  ,2015-12-01 11:30:00, DIYEnthusiast   , Twitter  , #Satisfaction #DIYProject                 ,25.0,50.0, USA               ,2015,12,1,11
31,32, Weekend road trip to explore scenic views.         , Positive  ,2023-01-24 17:30:00, RoadTripper  , Instagram , #RoadTrip #ScenicViews                  ,18.0,35.0, UK        ,2023,1,24,17
607,611,Embarking on a journey of learning a new language. The mind stays young with every new word. #LanguageLearning #NeverTooLate , Curiosity ,2023-06-15 12:15:00, LinguisticExplorer , Twitter , #MindEnrichment #SeniorLearning ,30.0,60.0, UK,2023,6,15,12
680,684,Experimenting with a new hair color. A bold change for a bold semester! , Excitement ,2023-09-07 18:20:00, HairColorExperimentHighSchool , Instagram , #HairExperiment #HighSchoolStyle ,20.0,39.0, USA,2023,9,7,18
427,431,"Emotional storm, a whirlwind of sadness engulfs every thought.    ", EmotionalStorm ,2017-07-18 17:45:00, StormyFeelings  , Instagram , #EmotionalStorm #SadnessWhirlwind      ,30.0,60.0, India          ,2017,7,18,17
729,733,"Attending a surprise birthday party organized by friends. Surrounded by love, laughter, and good company! ", Happy ,2018-06-22 14:15:00, BirthdayPartyJoyHighSchool , Instagram , #SurpriseCelebration #HighSchoolFriendship ,25.0,48.0, USA,2018,6,22,14
457,461,"Wandering in the maze of betrayal, the walls closing in with every wrong turn. ", Betrayal ,2021-01-05 16:20:00, MazeWanderer , Instagram , #Betrayal #ClosingWalls ,15.0,30.0, Germany ,2021,1,5,16
255,259," Playfully dancing in the rain of laughter, a whimsical spirit twirling in the puddles of joy and lightheartedness. ", Playful ,2020-07-08 18:00:00, RainDancer , Facebook , #Playful #DanceInTheRain ,22.0,44.0, Canada ,2020,7,8,18
369,373,Elation over discovering a rare book in a quaint bookstore.      , Elation       ,2018-09-22 16:30:00, Bookworm        , Instagram , #Elation #RareBookDiscovery              ,40.0,80.0, USA               ,2018,9,22,16
134,136, Fulfillment in completing a challenging workout routine., Fulfillment  ,2019-06-28 18:20:00, FitnessAchiever , Twitter  , #Fulfillment #FitnessGoals                   ,22.0,45.0, India     ,2019,6,28,18
175,177, Regret over missed opportunities haunts my thoughts., Regret         ,2017-08-25 16:00:00, RemorsefulSoul   , Facebook , #Regret #MissedChances                       ,12.0,25.0, UK           ,2017,8,25,16
394,398,Exploring the universe within during a mindful meditation session. , InnerJourney  ,2017-10-20 08:15:00, MindfulExplorer , Instagram , #InnerJourney #MeditationBliss          ,35.0,70.0, Canada           ,2017,10,20,8
219,221," Wrestling with thoughts, a perplexed mind lost in the labyrinth of life's complexities. ", Confusion       ,2020-08-05 12:15:00, ComplexThinker    , Instagram , #Confusion #PerplexedMind                ,14.0,28.0, Australia    ,2020,8,5,12
614,618,"Taking a stroll in the garden, appreciating the beauty of blooming flowers. Nature's wonders never cease. #GardenWalk #FloralBeauty ", Contentment ,2023-06-22 13:45:00, GardenEnthusiast , Facebook , #NatureWonders #SeniorGarden ,25.0,50.0, USA,2023,6,22,13
85,87, Enjoying every moment of this trip—pure enjoyment!      , Enjoyment    ,2023-02-23 19:45:00, TravelExplorer  , Facebook , #Enjoyment #Travel                           ,25.0,50.0, USA ,2023,2,23,19
80,82, The state of corruption in our society is utterly disgusting. , Disgust      ,2023-02-21 18:20:00, AntiCorruption  , Twitter  , #Disgust #Corruption                         ,18.0,35.0, UK         ,2023,2,21,18
609,613,Capturing the beauty of nature through photography. Every snapshot is a treasure. #NaturePhotography #SeniorPhotographer , Joy ,2023-06-17 15:00:00, PhotographySenior , Instagram , #NatureCapture #SeniorMoments ,35.0,70.0, USA,2023,6,17,15
361,365,Contentment in the midst of a family gathering filled with laughter. , Contentment   ,2023-01-15 19:00:00, FamilyCelebration , Facebook , #Contentment #FamilyLaughter             ,25.0,50.0, Canada            ,2023,1,15,19
351,355,Joyful reunion with long-lost friends after years of separation.   , JoyfulReunion ,2020-11-18 17:10:00, FriendshipRenewal , Instagram , #JoyfulReunion #Friendship               ,20.0,40.0, India             ,2020,11,18,17
588,592,"Entered the kitchen with the intention to cook. Left with a bag of chips. Cooking is overrated, anyway. #MasterChefInTraining #TeenHumor ", Disgust ,2023-05-27 21:15:00, ChipExplorer , Instagram , #TeenChef #CookingFail ,22.0,45.0, Canada,2023,5,27,21
32,33, Enjoying a cup of tea and watching the sunset.     , Positive  ,2023-01-25 18:00:00, SunsetWatcher, Twitter  , #TeaTime #Sunset                       ,15.0,30.0, India    ,2023,1,25,18
221,223," A melancholic symphony playing in the background, the soundtrack of a wistful heart. ", Melancholy      ,2019-03-25 21:00:00, SymphonySoul      , Twitter  , #Melancholy #WistfulHeart                ,13.0,26.0, Canada        ,2019,3,25,21
652,656,Spent hours perfecting a chemistry experiment. Mixing potions like a wizard! , Joy ,2023-08-10 14:20:00, ChemistryWizardHighSchool , Instagram , #ChemistryWizard #HighSchoolScientist ,28.0,55.0, UK,2023,8,10,14
276,280," Playfully juggling responsibilities, a circus performer balancing the acts of work and joy, tossing laughter into the air. ", Playful ,2019-11-18 15:15:00, JugglingArtist , Instagram , #Playful #JugglingResponsibilities ,25.0,50.0, USA ,2019,11,18,15
524,528,"Drenched in confetti at a Katy Perry concert, a kaleidoscope of colors igniting the night sky. ", Colorful ,2020-06-22 22:00:00, KatyPerryColorExplosion , Instagram , #Colorful #KatyPerry ,22.0,45.0, USA ,2020,6,22,22
447,451,"Sinking like a stone in the ocean of heartbreak, each ripple a sigh of despair. ", Heartbreak ,2017-08-10 19:30:00, OceanSinker , Twitter , #Heartbreak #RippleOfDespair ,22.0,45.0, France ,2017,8,10,19
260,264," Lost in the symphony of the night, a moonlit serenade that whispers tales of wanderlust and moonlit dreams. ", Serenity ,2021-05-08 22:00:00, NightSerenader , Twitter , #Serenity #MoonlitSerenade ,13.0,26.0, Canada ,2021,5,8,22
56,58, The state of the world's environment is just disgusting. , Disgust      ,2023-02-12 18:20:00, EcoAwareness    , Twitter  , #Disgust #Environment                        ,18.0,35.0, UK         ,2023,2,12,18
370,374,Curiosity piqued by the mysteries of an ancient archaeological site., Curiosity   ,2015-11-08 10:00:00, ArchaeologyEnthusiast , Facebook , #Curiosity #AncientMysteries            ,18.0,35.0, Australia          ,2015,11,8,10
197,199," Embarking on a journey of discovery, fueled by curiosity and a thirst for knowledge. ", Curiosity       ,2023-04-15 10:15:00, InquisitiveMind   , Twitter  , #Curiosity #Learning                        ,15.0,30.0, USA          ,2023,4,15,10
376,380,Spellbound by the elegance of a ballroom dance under crystal chandeliers. , Elegance ,2018-06-12 20:30:00, DanceEnthusiast , Facebook , #Elegance #BallroomDance                ,28.0,55.0, UK               ,2018,6,12,20
446,450,"In the ruins of hope, echoes of shattered dreams whisper tales of loss. ", Desolation ,2021-03-15 22:45:00, HopeRuins , Facebook , #Desolation #WhisperedLoss ,28.0,55.0, Brazil ,2021,3,15,22
320,324," Bitterness, a bitter chill in the air, freezing moments into icicles of resentment that dangle precariously over the landscape of memory. ", Bitterness ,2019-10-15 10:30:00, IcyResentment , Twitter , #Bitterness #IciclesOfResentment ,15.0,30.0, UK ,2019,10,15,10
77,79, Fuming with anger after a heated argument.            , Anger        ,2023-02-20 09:30:00, AngryDebater    , Twitter  , #Anger #Argument                             ,20.0,40.0, Canada     ,2023,2,20,9
2,2, Just finished an amazing workout! 💪               , Positive  ,2023-01-15 15:45:00, FitnessFan   , Instagram , #Fitness #Workout                        ,20.0,40.0, USA        ,2023,1,15,15
332,336," Loneliness, a silent companion in the night, the only echo in the chamber of solitude, a heart's solitary nocturne. ", Loneliness ,2019-09-19 03:30:00, NocturnalEcho , Facebook , #Loneliness #SolitaryNocturne ,18.0,36.0, Australia ,2019,9,19,3
568,572,"Wandering through a historical museum, the history enthusiast becomes immersed in the tales of the past, envisioning bygone eras. ", Envisioning History ,2015-12-18 18:00:00, HistoryBuffMuseumExploration , Twitter , #EnvisioningHistory #MuseumTales ,28.0,55.0, Italy ,2015,12,18,18
200,202," A numbness settles over me, a shield against the overwhelming emotions life throws my way. ", Numbness        ,2021-08-10 14:00:00, EmotionallyDistant , Twitter  , #Numbness #EmotionalShield                 ,8.0,15.0, India        ,2021,8,10,14
315,319," Devastated by the revelation of betrayal, the trust shattered like fragile glass, leaving shards of pain in its wake. ", Devastated ,2022-05-20 14:50:00, FragileTrust , Instagram , #Devastated #ShatteredTrust ,25.0,50.0, Canada ,2022,5,20,14
61,63, Enjoying a quiet evening with a book and some tea.      , Enjoyment    ,2023-02-14 19:45:00, BookLoverAgain  , Facebook , #Enjoyment #BookTime                         ,25.0,50.0, Canada       ,2023,2,14,19
570,574,"Capturing the essence of a bustling market, the photographer freezes moments in time, each frame telling a unique and vibrant story. ", Vibrancy ,2019-03-22 21:45:00, PhotographyEnthusiastMarketMoments , Instagram , #Vibrancy #MarketStories ,22.0,45.0, Australia ,2019,3,22,21
303,307," Overwhelmed by the weight of the world, Atlas with trembling shoulders, each responsibility a boulder in the landscape of exhaustion. ", Overwhelmed ,2021-06-25 17:50:00, AtlasBearer , Instagram , #Overwhelmed #BouldersOfExhaustion ,22.0,44.0, Canada ,2021,6,25,17
307,311," Envious eyes fixated on the gilded prize, a heartache fueled by the painful desire for possessions that seem forever out of reach. ", Envious ,2021-02-28 22:45:00, GildedHeartache , Facebook , #Envious #GildedPrize ,20.0,40.0, USA ,2021,2,28,22
685,689,Encountered some mean-spirited comments online. Dealing with online hate is never easy. , Hate ,2023-09-12 12:30:00, DealingWithHateHighSchool , Instagram , #OnlineHate #HighSchoolReality ,18.0,36.0, Canada,2023,9,12,12
713,717,Exploring a new hobby of photography during free time. Capturing moments through a lens. , Neutral ,2023-10-10 14:15:00, PhotographyHobbyHighSchool , Instagram , #PhotographyJourney #HighSchoolHobbies ,25.0,49.0, UK,2023,10,10,14
235,239," Seeking serenity in the melody of raindrops, a tranquil escape from the noise of everyday life. ", Serenity        ,2020-04-12 19:30:00, RaindropHarmony   , Twitter  , #Serenity #RaindropMelody                ,25.0,50.0, Canada        ,2020,4,12,19
91,93, Embracing acceptance of life's ups and downs.           , Acceptance   ,2023-02-25 18:20:00, LifeAcceptance  , Facebook , #Acceptance #LifeJourney                   ,15.0,30.0, Canada     ,2023,2,25,18
700,704,Having a bad hair day and feeling self-conscious. Bad hair days can affect confidence. , Bad ,2023-09-27 17:30:00, BadHairDayBluesHighSchool , Instagram , #BadHairDay #HighSchoolConfidence ,18.0,36.0, Canada,2023,9,27,17
471,475,"Dancing on sunshine, each step a celebration of the joy found in simple moments. ", Joy ,2021-08-20 15:45:00, SunshineDancer , Instagram , #Joy #SimpleMoments ,40.0,80.0, USA ,2021,8,20,15
70,72, A bitter experience turned into a valuable lesson.      , Bitter       ,2023-02-17 15:00:00, LearnFromBitter , Facebook , #BitterLesson #Growth                      ,18.0,35.0, USA       ,2023,2,17,15
213,215," A tapestry of conflicting feelings, weaving through uncertainty, caught in the threads of ambivalence. ", Ambivalence     ,2022-01-05 10:30:00, ThreadWeaver      , Instagram , #Ambivalence #ConflictingFeelings        ,12.0,25.0, UK            ,2022,1,5,10
132,134, Arousal of excitement for an upcoming adventure.       , Arousal       ,2017-04-30 11:30:00, AdventureAwaits , Instagram , #Arousal #AdventureTime                       ,20.0,40.0, Australia ,2017,4,30,11
45,46, Exploring local art galleries this weekend.        , Positive  ,2023-01-30 11:30:00, ArtExplorer  , Facebook , #Art #GalleryExplore                    ,15.0,30.0, USA      ,2023,1,30,11
71,73, Finding calmness in the midst of a busy day.            , Calmness     ,2023-02-18 09:30:00, ZenMaster       , Twitter  , #Calmness #PeacefulMind                    ,15.0,30.0, India     ,2023,2,18,9
193,195," Jealousy poisons my thoughts, resentment brewing within.", Jealousy    ,2018-08-05 16:30:00, PoisonedMind    , Facebook , #Jealousy #Resentment                       ,8.0,15.0, USA           ,2018,8,5,16
329,333," Envious eyes locked on the treasure chest of opportunities, a heartache fueled by the desire for keys that seem forever elusive. ", Envious ,2021-01-15 22:10:00, ElusiveKeys , Twitter , #Envious #DesireForKeys ,20.0,40.0, USA ,2021,1,15,22
166,168, Loneliness creeps in as the night grows colder.    , Loneliness      ,2019-11-18 21:20:00, SolitarySoul      , Facebook , #Loneliness #Isolation                         ,10.0,20.0, UK           ,2019,11,18,21
136,138, Elation after achieving a personal goal.               , Elation       ,2021-03-02 09:30:00, GoalAchiever2   , Facebook , #Elation #PersonalAchievement                ,25.0,50.0, USA      ,2021,3,2,9
684,688,Reflecting on the challenges of the school year. Feeling a bit overwhelmed with assignments. , Sad ,2023-09-11 15:45:00, OverwhelmedHighSchoolStudent , Twitter , #SchoolChallenges #HighSchoolStruggles ,15.0,28.0, USA,2023,9,11,15
251,255," Standing tall, proud as an oak, the branches of achievement reaching towards the sky of accomplishment. ", Proud ,2019-12-10 12:20:00, OakAchiever , Twitter , #Proud #BranchesOfAchievement ,25.0,50.0, Canada ,2019,12,10,12
337,341,Calmness found in the rhythm of raindrops on the windowpane.   , Calmness      ,2017-11-08 21:20:00, RainWatcher    , Twitter  , #Calmness #RainyDays                        ,18.0,35.0, Australia          ,2017,11,8,21
261,265," Unveiling the layers of curiosity, a labyrinth of questions leading to the treasure troves of undiscovered knowledge. ", Curiosity ,2020-11-29 14:45:00, KnowledgeSeeker , Instagram , #Curiosity #LabyrinthOfQuestions ,17.0,34.0, USA ,2020,11,29,14
440,444,"Heart in ruins, the remnants of shattered dreams scattered in the wind. ", Ruins      ,2022-01-08 11:30:00, DreamsInWind    , Twitter  , #Ruins #ShatteredDreams                ,20.0,40.0, Brazil     ,2022,1,8,11
137,139, Elation over discovering a hidden gem in the city.   , Elation       ,2012-02-18 14:30:00, UrbanExplorer2  , Twitter  , #Elation #HiddenGem                            ,20.0,40.0, USA      ,2012,2,18,14
216,218," Tranquil moments by the ocean, serenity washing over, a peaceful retreat within the waves' embrace. ", Serenity        ,2020-04-12 19:30:00, OceanSoul         , Instagram , #Serenity #OceanRetreat                   ,25.0,50.0, Canada        ,2020,4,12,19
6,6, Rainy days call for cozy blankets and hot cocoa.   , Positive  ,2023-01-16 14:45:00, RainyDays    , Facebook , #RainyDays #Cozy                         ,10.0,20.0, Canada   ,2023,1,16,14
324,328," Apprehensive whispers in the wind, a forecast of uncertainty, the mind's weather vane spinning wildly in the storm of doubt. ", Apprehensive ,2021-06-10 10:00:00, WindWhisperer , Instagram , #Apprehensive #StormOfDoubt ,14.0,28.0, Canada ,2021,6,10,10
400,404,Harmony resonates as musicians play a symphony of unity.           , Harmony       ,2019-11-30 19:30:00, MusicHarmonist  , Instagram , #Harmony #MusicalUnity                   ,35.0,70.0, Sweden          ,2019,11,30,19
543,547,"In the cricket championship, a nail-biting finish leaves fans on the edge of their seats, experiencing a rollercoaster of emotions. ", Excitement ,2019-06-25 22:15:00, CricketFanChampionshipThrills , Facebook , #Excitement #CricketChampionship ,30.0,60.0, India ,2019,6,25,22
292,296," Charting a course through the waves of hopeful anticipation, a sailor steering towards the shores of dreams yet unexplored. ", Hopeful ,2022-10-30 11:40:00, WaveNavigator , Twitter , #Hopeful #SailorOfDreams ,17.0,34.0, Australia ,2022,10,30,11
146,148, Arousal of excitement before a much-awaited trip.    , Arousal       ,2018-03-10 09:45:00, TravelExcitement, Twitter  , #Arousal #TravelAdventure                     ,20.0,40.0, India    ,2018,3,10,9
484,488,"A surprise gift, wrapped in anticipation, unfolds a moment of delight and wonder. ", Surprise ,2023-02-05 19:30:00, WrappedDelight , Twitter , #Surprise #WonderfulMoment ,25.0,50.0, Australia ,2023,2,5,19
133,135, Enthusiasm for a creative project in the making.       , Enthusiasm    ,2018-09-15 16:00:00, CreativeSpirit  , Facebook , #Enthusiasm #Creativity                       ,15.0,30.0, Canada    ,2018,9,15,16
312,316," Bitterness, a bitter aftertaste lingering on the tongue, each word a reminder of wounds that refuse to heal with the passing of time. ", Bitterness ,2020-04-05 16:20:00, LingeringTaste , Instagram , #Bitterness #BitterAftertaste ,10.0,20.0, India ,2020,4,5,16
696,700,Got a flat tire on the way to an important meeting. Talk about a series of bad events! , Bad ,2023-09-23 14:15:00, FlatTireWoesHighSchool , Twitter , #BadLuckDay #HighSchoolStruggles ,25.0,50.0, USA,2023,9,23,14
42,43, Celebrating a friend's birthday tonight! 🎂       , Positive  ,2023-01-28 19:30:00, BirthdayBash , Facebook , #Birthday #Celebration                  ,15.0,30.0, UK ,2023,1,28,19
109,111, Shame for not being true to my values in a difficult situation., Shame ,2023-03-03 12:00:00, ReflectiveSelf3 , Twitter  , #Shame #Integrity                           ,15.0,30.0, UK        ,2023,3,3,12
441,445,"Shattered by the echoes of a shattered dream, fragments of hope scattered. ", Desolation ,2017-09-10 19:15:00, DreamEchoes , Twitter , #Desolation #ScatteredHope ,20.0,40.0, Australia ,2017,9,10,19
57,59, Pure happiness: celebrating a loved one's achievement! , Happiness    ,2023-02-13 10:00:00, ProudFriend     , Instagram , #Happiness #Celebration                   ,30.0,60.0, USA ,2023,2,13,10
334,338,Navigating through the challenges with determination.          , Determination ,2023-10-12 10:30:00, GoalPursuer    , Twitter  , #Determination #Challenges                  ,15.0,30.0, Canada            ,2023,10,12,10
209,211," Entangled in the web of thoughts, confusion reigning as I navigate the labyrinth of ideas. ", Confusion       ,2021-05-15 11:45:00, ThoughtExplorer   , Twitter  , #Confusion #ThoughtLabyrinth              ,15.0,30.0, UK            ,2021,5,15,11
486,490,"Floating on clouds of gratitude, each raindrop a blessing, a shower of thankfulness. ", Gratitude ,2016-12-10 21:15:00, CloudsOfBlessings , Facebook , #Gratitude #ShowerOfThankfulness ,28.0,55.0, Germany ,2016,12,10,21
542,546,"At the Olympics, the athlete's perseverance shines through, earning a gold medal and inspiring a generation with their remarkable achievement. ", Inspiration ,2020-08-08 19:45:00, OlympicsEnthusiastGoldMedalWinner , Twitter , #Inspiration #OlympicAchievement ,35.0,70.0, USA ,2020,8,8,19
24,24, Celebrating a milestone at work! 🎉               , Positive  ,2023-01-22 14:30:00, CareerMilestone, Facebook , #Career #Milestone                      ,12.0,25.0, Canada  ,2023,1,22,14
599,603,Rediscovered childhood cartoons and had a nostalgia-filled marathon. #CartoonNostalgia #TeenMemories , Joy ,2023-06-07 12:45:00, NostalgiaExplorer , Twitter , #ChildhoodMemories #TeenCartoons ,22.0,45.0, USA,2023,6,7,12
435,439,"Bitterness like a poison, seeping into every crevice of the wounded heart. ", Bitterness ,2015-12-15 16:15:00, PoisonedHeart   , Facebook , #Bitterness #WoundedHeart              ,25.0,50.0, Australia   ,2015,12,15,16
466,470,"Wandering through the cemetery of lost dreams, tombstones marking untold sorrows. ", Desolation ,2020-08-15 12:30:00, DreamCemetery , Facebook , #Desolation #UntoldSorrows ,28.0,55.0, France ,2020,8,15,12
433,437,"Heartache deepens, a solitary journey through the abyss of despair. ", Despair   ,2022-08-18 22:00:00, SolitaryDescent , Instagram , #Despair #AbyssOfHeartache             ,40.0,80.0, South Africa ,2022,8,18,22
540,544,"As the closing scene unfolds, a sense of satisfaction washes over, completing the cinematic journey with a profound and fulfilling ending. ", Satisfaction ,2020-09-10 19:45:00, FilmCriticSatisfactionSeeker , Twitter , #Satisfaction #FulfillingEnding ,22.0,45.0, Brazil ,2020,9,10,19
111,113, The victory of our team brought euphoria to the city. , Euphoria      ,2021-08-10 21:15:00, SportsFanatic   , Instagram , #Euphoria #Victory                             ,15.0,30.0, USA      ,2021,8,10,21
83,85, Sending love to all my followers on this beautiful day! ❤️ , Love         ,2023-02-23 08:30:00, LoveSender      , Twitter  , #Love #SpreadLove                            ,15.0,30.0, Australia  ,2023,2,23,8
52,53, Sunday bike ride through scenic trails.           , Positive  ,2023-02-01 13:30:00, BikeExplorer  , Instagram , #BikeRide #ScenicTrails                ,18.0,35.0, USA     ,2023,2,1,13
478,482,"Overflowing with joy, a cup of laughter shared with friends, a moment cherished. ", Joy ,2023-03-10 14:30:00, LaughterCup , Twitter , #Joy #CherishedMoment ,20.0,40.0, Japan ,2023,3,10,14
587,591,Survived a group project without any drama. Miracles do happen. #GroupProjectSuccess #TeenAchievements , Satisfaction ,2023-05-26 14:20:00, GroupGenius , Twitter , #TeenSuccess #ProjectMiracle ,28.0,55.0, UK,2023,5,26,14
583,587,Spent an hour choosing the perfect filter for a selfie. The struggle for that Instagram aesthetic is real. #SelfieQueen #TeenVibes , Joy ,2023-05-22 14:30:00, SelfieAddict , Facebook , #SelfieStruggle #TeenConfessions ,22.0,45.0, UK,2023,5,22,14
651,655,Bonding with friends over the latest K-pop sensation. Fangirling at its finest! , Joy ,2023-08-09 22:30:00, KpopFangirlHighSchool , Facebook , #KpopFangirl #HighSchoolMusic ,20.0,40.0, USA,2023,8,9,22
639,643,"Joined a seniors' astronomy club, stargazing and finding wonder in the vastness of the cosmos. #AstronomyClub #SeniorStargazer ", Curiosity ,2023-07-17 22:15:00, SeniorStargazer , Twitter , #CelestialWonders #SeniorAstronomy ,18.0,35.0, UK,2023,7,17,22
512,516,"Dancing under the stars at Beyoncé's live show, feeling the power of 'Single Ladies' in every move. ", Energy ,2019-07-28 21:30:00, BeyonceDancer , Twitter , #Energy #BeyonceConcert ,35.0,70.0, USA ,2019,7,28,21
368,372,Happiness blooms like flowers in a garden on a sunny day.        , Happiness     ,2020-02-10 11:15:00, SunnyDayEnthusiast , Twitter  , #Happiness #SunnyDay                      ,15.0,30.0, India             ,2020,2,10,11
691,695,Feeling lonely on a Saturday night. Sometimes solitude hits harder than expected. , Sad ,2023-09-18 22:00:00, LonelySaturdayHighSchool , Instagram , #LonelyNights #HighSchoolEmotions ,16.0,31.0, Canada,2023,9,18,22
18,18, Attending a virtual conference on AI.              , Neutral   ,2023-01-20 11:30:00, TechConference, Facebook , #AI #TechConference                     ,25.0,50.0,USA,2023,1,20,11
533,537,"Streaming the latest web series, the viewer is engrossed in the characters' journey, feeling a sense of connection and empathy. ", Engagement ,2020-07-08 19:30:00, WebSeriesViewerCharacterConnection , Facebook , #Engagement #WebSeriesJourney ,30.0,60.0, Canada ,2020,7,8,19
413,417,Contentment envelops as the aroma of freshly baked bread fills the air. , Contentment ,2017-06-10 12:15:00, BreadLover     , Instagram , #Contentment #FreshBreadAroma          ,28.0,55.0, France          ,2017,6,10,12
293,297," A compassionate rain, tears of empathy falling gently, nurturing the seeds of kindness in the garden of human connections. ", Compassionate ,2021-07-01 12:10:00, RainNurturer , Instagram , #Compassionate #TearsOfEmpathy ,21.0,42.0, Canada ,2021,7,1,12
483,487,"In the symphony of excitement, each note is a burst of energy, igniting the soul with fervor. ", Excitement ,2021-04-18 14:20:00, SymphonyFervor , Facebook , #Excitement #IgnitedSoul ,30.0,60.0, UK ,2021,4,18,14
84,86, Amused by the antics of my pet—it's pure amusement!      , Amusement    ,2023-02-23 14:20:00, PetAmuser       , Instagram , #Amusement #PetAntics                       ,18.0,35.0, UK           ,2023,2,23,14
62,64, Admiring the beauty of nature during a peaceful hike.   , Admiration   ,2023-02-15 11:30:00, NatureAdmirer   , Twitter  , #Admiration #Nature                         ,20.0,40.0, USA       ,2023,2,15,11
205,207," Facing challenges head-on, a determination that fuels the fire within to achieve the impossible. ", Determination   ,2020-09-18 13:45:00, ResilientSpirit   , Facebook , #Determination #AchieveTheImpossible       ,10.0,20.0, India        ,2020,9,18,13
426,430,"Aching heart, the symphony of pain plays in the silence of solitude. ", Suffering ,2022-03-20 19:30:00, SilentSufferer  , Facebook , #Suffering #HeartacheSymphony          ,25.0,50.0, Brazil          ,2022,3,20,19
30,31, New painting in progress! 🎨                       , Positive  ,2023-01-24 15:00:00, ArtistInAction, Facebook , #Art #PaintingInProgress             ,12.0,25.0, Canada ,2023,1,24,15
232,236," Ambivalence clouding decisions, caught in the crossroads of conflicting emotions. ", Ambivalence     ,2022-01-15 10:30:00, CrossroadsTraveler , Twitter  , #Ambivalence #ConflictingEmotions        ,15.0,30.0, India         ,2022,1,15,10
214,216," Embracing the flaws, finding acceptance in imperfection, a journey towards self-love. ", Acceptance      ,2021-08-20 16:20:00, SelfLoveAdvocate  , Facebook , #Acceptance #SelfLoveJourney              ,15.0,30.0, Australia    ,2021,8,20,16
421,425,Drowning in sorrow as memories of lost love resurface.            , Heartbreak    ,2019-08-05 21:00:00, LostInLove      , Instagram , #Heartbreak #LostLove                    ,15.0,30.0, USA             ,2019,8,5,21
692,696,Experiencing cyberbullying. Hateful messages online are disheartening. , Hate ,2023-09-19 15:15:00, CyberbullyingVictimHighSchool , Facebook , #StopCyberbullying #HighSchoolReality ,14.0,27.0, UK,2023,9,19,15
183,185," Boredom settles like dust, life feels mundane.     ", Boredom         ,2016-11-28 19:00:00, MundaneHeart     , Instagram , #Boredom #Monotony                          ,7.0,15.0, Canada        ,2016,11,28,19
491,495,"Standing before the grandeur of the Eiffel Tower, a moment to reflect on the beauty of Parisian dreams. ", Reflection ,2018-05-12 17:30:00, ParisDreamer , Twitter , #Reflection #ParisianDreams ,28.0,55.0, France ,2018,5,12,17
249,253," Basking in the golden glow of contentment, a serene river flowing through the landscape of the heart. ", Contentment ,2020-09-05 20:10:00, SereneBasker , Facebook , #Contentment #GoldenGlow ,18.0,36.0, Australia ,2020,9,5,20
616,620,"Participated in a community art class, unleashing creativity in the golden years. Art has no age limit. #ArtClass #SeniorArtistry ", Joy ,2023-06-24 16:15:00, ArtisticSenior , Twitter , #CreativityAtAnyAge #SeniorCreativity ,22.0,45.0, Canada,2023,6,24,16
363,367,Surprise and delight at discovering a hidden gem in the city.    , Surprise      ,2019-10-18 16:45:00, CityExplorer    , Instagram , #Surprise #HiddenGem                      ,18.0,35.0, UK                ,2019,10,18,16
389,393,Euphoria floods in as the final puzzle piece clicks into place.       , Euphoria   ,2022-06-08 15:30:00, PuzzleSolver    , Instagram , #Euphoria #PuzzleCompletion            ,20.0,40.0, Denmark         ,2022,6,8,15
551,555,"After a series of defeats, the soccer team faces disappointment, struggling to find the silver lining in a challenging season. ", Disappointment ,2019-11-02 18:45:00, SoccerFanTeamDefeats , Twitter , #Disappointment #SoccerDefeats ,40.0,80.0, Brazil ,2019,11,2,18
656,660,Mastering the art of the perfect doodle during boring classes. Doodles: A+! , Joy ,2023-08-14 16:15:00, DoodleMasterHighSchool , Twitter , #DoodleMaster #HighSchoolArt ,20.0,40.0, USA,2023,8,14,16
210,212," Numb to the chaos, emotions locked away, a stoic facade concealing the inner turmoil. ", Numbness        ,2019-12-28 14:30:00, StoicSoul         , Instagram , #Numbness #StoicFacade                    ,8.0,15.0, Australia     ,2019,12,28,14
452,456,"Haunted by the specter of lost possibilities, a ghost that refuses to fade away. ", Regret ,2019-11-08 14:45:00, PossibilityGhost , Twitter , #Regret #FadingPossibilities ,18.0,35.0, Spain ,2019,11,8,14
410,414,Awe-struck by the grandeur of an ancient cathedral's intricate architecture. , Awe    ,2018-08-18 14:45:00, CathedralVisitor , Facebook , #Awe #ArchitecturalGrandeur            ,18.0,35.0, Czech Republic  ,2018,8,18,14
177,179," Drowning in despair, hope slipping through my fingers.", Despair      ,2016-04-02 20:20:00, HopelessHeart    , Instagram , #Despair #Hopeless                           ,10.0,20.0, USA          ,2016,4,2,20
300,304," Yearning for a touch that's not there, echoes of a distant warmth haunting the heart in the cold embrace of solitude. ", Yearning ,2020-11-02 19:30:00, ColdEmbrace , Instagram , #Yearning #DistantWarmth ,10.0,20.0, Australia ,2020,11,2,19
518,522,"Swinging to the rhythms of a Frank Sinatra tribute, feeling the timeless charm of 'Fly Me to the Moon'. ", Charm ,2019-06-10 18:45:00, SinatraCharmListener , Twitter , #Charm #SinatraTribute ,22.0,45.0, USA ,2019,6,10,18
535,539,"Watching a heartwarming family drama, tears flow freely as the characters overcome challenges, leaving the viewer with a warm glow. ", Touched ,2021-01-15 18:00:00, DramaEnthusiastHeartwarmingMoments , Instagram , #Touched #FamilyDramaMoments ,28.0,55.0, India ,2021,1,15,18
265,269," A compassionate rain, tears of empathy falling gently, nurturing the seeds of kindness in the garden of human connections. ", Compassionate ,2021-07-01 12:10:00, RainNurturer , Facebook , #Compassionate #TearsOfEmpathy ,21.0,42.0, Canada ,2021,7,1,12
138,140, The euphoria of a surprise birthday celebration.     , Euphoria      ,2018-11-05 21:45:00, BirthdayJoy     , Instagram , #Euphoria #BirthdaySurprise                   ,15.0,30.0, UK   ,2018,11,5,21
224,226," Embracing life's imperfections, finding acceptance in the journey, scars and all. ", Acceptance      ,2023-05-15 16:20:00, ImperfectHarmony  , Twitter  , #Acceptance #ImperfectJourney            ,18.0,36.0, Canada        ,2023,5,15,16
686,690,Had a bad day at school. Everything seems to be going wrong. , Bad ,2023-09-13 16:45:00, ToughDayHighSchool , Facebook , #BadDay #HighSchoolBlues ,20.0,40.0, UK,2023,9,13,16
648,652,Convinced the teacher to have class outdoors. Learning equations with a side of fresh air! , Positive ,2023-08-06 14:00:00, OutdoorClassHighSchool , Facebook , #OutdoorClassroom #HighSchoolExplorer ,28.0,55.0, USA,2023,8,6,14
164,166, Suffering from despair after another setback.      , Despair         ,2021-03-10 08:30:00, StrugglingSoul    , Twitter  , #Despair #Struggle                              ,5.0,10.0, USA          ,2021,3,10,8
396,400,Dazzled by the elegance of a masquerade ball's dazzling costumes. , Dazzle        ,2018-06-12 20:30:00, MasqueradeAttendee , Facebook , #Dazzle #MasqueradeElegance            ,28.0,55.0, UK               ,2018,6,12,20
643,647,"Survived a challenging physics exam. Equations, you won't defeat me! ", Relief ,2023-08-01 13:30:00, PhysicsWhizHighSchool , Instagram , #PhysicsSurvivor #HighSchoolAdventures ,20.0,40.0, USA,2023,8,1,13
711,715,Exploring a new part-time job opportunity for gaining work experience. Career development in progress. , Neutral ,2023-10-08 15:15:00, PartTimeJobExplorationHighSchool , Facebook , #CareerDevelopment #HighSchoolJobs ,24.0,48.0, USA,2023,10,8,15
705,709,Trying out a new study technique for upcoming exams. Exploring different learning strategies. , Neutral ,2023-10-02 16:45:00, StudyTechniqueExperimentHighSchool , Instagram , #StudyStrategies #HighSchoolExams ,23.0,42.0, USA,2023,10,2,16
372,376,Intrigued by the symphony of colors in an abstract art exhibition. , Intrigue      ,2019-04-05 17:30:00, ArtConnoisseur  , Twitter  , #Intrigue #AbstractArt                   ,18.0,35.0, France           ,2019,4,5,17
335,339,Nostalgia hits while flipping through an old photo album.     , Nostalgia      ,2019-06-28 19:00:00, MemoryLane     , Facebook , #Nostalgia #OldMemories                     ,22.0,45.0, UK                ,2019,6,28,19
720,724,Successfully completing a challenging coding project. Excitement for overcoming coding hurdles! , Happy ,2023-10-17 12:30:00, CodingSuccessHighSchool , Twitter , #CodingTriumph #HighSchoolTech ,24.0,48.0, USA,2023,10,17,12
105,107, Confusion surrounds me as I navigate through life's choices. , Confusion ,2023-03-02 13:15:00, ConfusedMind3   , Instagram , #Confusion #LifeChoices                     ,30.0,60.0, USA   ,2023,3,2,13
115,117," Hopeful for a brighter tomorrow, despite challenges.  ", Hope          ,2013-04-05 19:30:00, OptimisticSoul  , Facebook , #Hope #Optimism                                ,22.0,45.0, USA      ,2013,4,5,19
658,662,Sneaking snacks into class like a pro. The art of snack-smuggling is a sacred skill! , Mischievous ,2023-08-16 14:00:00, SnackSmugglerHighSchool , Instagram , #SnackSmuggler #HighSchoolSnacks ,30.0,60.0, USA,2023,8,16,14
240,244," Melancholy as a companion, painting the canvas of life with the brushstrokes of wistful yearning. ", Melancholy      ,2019-02-25 21:00:00, WistfulPainter    , Facebook , #Melancholy #WistfulYearning             ,13.0,26.0, UK            ,2019,2,25,21
657,661,Attempting to break the school record for the longest handstand. Wish me luck! , Excitement ,2023-08-15 19:30:00, HandstandChallengeHighSchool , Facebook , #HandstandChallenge #HighSchoolAthlete ,28.0,55.0, Canada,2023,8,15,19
295,299," Embraced by the hopeful dawn, a gardener sowing seeds of optimism, tending to the blooms of a brighter tomorrow. ", Hopeful ,2022-07-17 06:15:00, DawnGardener , Instagram , #Hopeful #SeedsOfOptimism ,14.0,28.0, India ,2022,7,17,6
93,95, Anticipating the release of a much-awaited movie.       , Anticipation ,2023-02-26 07:30:00, MovieBuff2      , Instagram , #Anticipation #MovieRelease                 ,20.0,40.0, Australia    ,2023,2,26,7
7,7, The new movie release is a must-watch!             , Positive  ,2023-01-16 19:30:00, MovieBuff    , Instagram , #MovieNight #MustWatch                  ,15.0,30.0, USA    ,2023,1,16,19
90,92, A surprise visit from an old friend brought tears of joy. , Surprise     ,2023-02-25 14:45:00, JoyfulReunion   , Instagram , #Surprise #OldFriends                       ,25.0,50.0, USA          ,2023,2,25,14
586,590,"Got dressed for the day, then remembered it's Saturday. Oops. #WeekendVibes #TeenStruggles ", Indifference ,2023-05-25 19:00:00, FashionBlunder , Facebook , #WeekendOops #TeenFashion ,20.0,40.0, USA,2023,5,25,19
395,399,Soaring like a free spirit on the winds of a coastal cliff.        , Freedom       ,2021-02-28 13:00:00, CoastalExplorer , Twitter  , #Freedom #CoastalAdventure              ,30.0,60.0, Australia         ,2021,2,28,13
429,433,"Torn apart by grief, the echoes of loss reverberate through the soul. ", Grief      ,2015-06-28 21:15:00, EchoesOfLoss    , Facebook , #Grief #TornApart                       ,28.0,55.0, Italy         ,2015,6,28,21
679,683,Organizing a movie marathon with friends. Popcorn and cinematic adventures await! , Joy ,2023-09-06 16:45:00, MovieMarathonHostHighSchool , Facebook , #MovieNight #HighSchoolMemories ,22.0,43.0, UK,2023,9,6,16
592,596,Spent the day binge-watching a new series. Productivity level: Zero. #LazyDay #TVSeriesMarathon , Joy ,2023-05-31 15:30:00, LazyWatcher , Facebook , #BingeWatchDay #TeenLife ,35.0,70.0, Canada,2023,5,31,15
549,553,"In the cycling world championship, the climber conquers challenging terrains, symbolizing determination and achievement against all odds. ", Determination ,2015-09-28 22:30:00, CyclingEnthusiastWorldChampion , Facebook , #Determination #CyclingChampion ,35.0,70.0, Italy ,2015,9,28,22
488,492,"In the celebration of success, fireworks of accomplishment light up the night sky of triumph. ", Success ,2017-11-15 22:30:00, FireworksTriumph , Instagram , #Success #NightSkyTriumph ,22.0,45.0, Japan ,2017,11,15,22
571,575,"Underneath the city lights, the dancer expresses emotions through graceful movements, creating a mesmerizing performance under the night sky. ", Mesmerizing ,2018-06-15 22:00:00, DanceEnthusiastCityNightPerformance , Twitter , #Mesmerizing #NightDancePerformance ,40.0,80.0, USA ,2018,6,15,22
11,11, Feeling a bit under the weather today.             , Negative  ,2023-01-18 10:30:00, WellnessCheck, Twitter  , #SickDay #Health                        ,7.0,15.0, Canada   ,2023,1,18,10
141,143, Gratitude for the supportive community around me.    , Gratitude     ,2013-04-20 10:30:00, CommunityLove   , Instagram , #Gratitude #CommunitySupport                   ,30.0,60.0, USA ,2013,4,20,10
29,30, Reflecting on the importance of mental health.     , Positive  ,2023-01-24 11:30:00, MentalHealthMatters, Twitter  , #MentalHealth #SelfCare                 ,22.0,45.0, USA      ,2023,1,24,11
44,45, A cozy evening with a good movie.                 , Positive  ,2023-01-29 20:20:00, MovieNight   , Twitter  , #CozyNight #MovieTime                   ,18.0,35.0, Canada   ,2023,1,29,20
43,44, Feeling accomplished after a productive day.       , Positive  ,2023-01-29 17:00:00, ProductivityWin, Instagram , #Accomplished #Success               ,22.0,45.0, India ,2023,1,29,17
74,76, Kindness witnessed today restored my faith in humanity. , Kind         ,2023-02-19 11:30:00, KindnessPrevails, Twitter  , #Kindness #Humanity                        ,20.0,40.0, USA       ,2023,2,19,11
168,170, Resentment building up over past betrayals.        , Resentment      ,2018-05-22 14:45:00, BitterHeart       , Instagram , #Resentment #Bitterness                       ,7.0,15.0, Australia     ,2018,5,22,14
405,409,Whispers of inspiration from the rustling leaves in a serene forest. , Inspiration  ,2016-11-15 11:45:00, ForestDreamer   , Facebook , #Inspiration #ForestWhispers            ,28.0,55.0, Portugal        ,2016,11,15,11
641,645,"Started a blog sharing the wisdom gained through the years, proving that every day is a chance to learn and grow. #SeniorWisdom #Blog ", Gratitude ,2023-07-19 19:45:00, WisdomBloggerSenior , Instagram , #LifeLessons #SeniorBlog ,22.0,45.0, UK,2023,7,19,19
710,714,Attending a school club meeting to explore new interests. Dabbling in extracurricular activities. , Neutral ,2023-10-07 20:45:00, ExtracurricularExplorationHighSchool , Instagram , #SchoolClubs #HighSchoolInterests ,22.0,45.0, UK,2023,10,7,20
179,181," Loneliness in a crowded room, a silent cry for connection.", Loneliness ,2019-07-12 18:10:00, IsolatedMind     , Twitter  , #Loneliness #SeekingConnection              ,15.0,30.0, UK            ,2019,7,12,18
673,677,Embarking on a mission to find the best burger joint in town. Burger connoisseur: Reporting for duty! , Excitement ,2023-08-31 20:15:00, BurgerQuestHighSchool , Twitter , #BurgerQuest #HighSchoolFoodie ,24.0,42.0, UK,2023,8,31,20
663,667,Mastered the art of creating paper airplanes during lecture. Paper planes: Soaring to new heights! , Joy ,2023-08-21 15:45:00, PaperPlaneExpertHighSchool , Instagram , #PaperPlaneExpert #HighSchoolArt ,15.0,30.0, USA,2023,8,21,15
178,180," Grief weighs heavy, tears a constant companion.    ", Grief           ,2015-10-18 15:30:00, TearfulSoul      , Facebook , #Grief #Tears                                ,12.0,25.0, Canada        ,2015,10,18,15
498,502,"Amazed by the architectural marvels of Petra, each stone telling tales of an ancient civilization. ", Amazement ,2023-01-28 13:00:00, PetraExplorer , Twitter , #Amazement #AncientTales ,30.0,60.0, Jordan ,2023,1,28,13
671,675,Attempting to set a new record for the most consecutive hacky sack kicks. Hacky sack skills: Unleashed! , Excitement ,2023-08-29 13:45:00, HackySackChampionHighSchool , Instagram , #HackySackChallenge #HighSchoolAthlete ,26.0,48.0, Canada,2023,8,29,13
258,262," Navigating the sea of hope, sailing towards the sunrise of possibilities, confident in the ship of positive anticipation. ", Hopeful ,2023-10-05 07:30:00, SunriseNavigator , Facebook , #Hopeful #SunriseOfPossibilities ,12.0,24.0, USA ,2023,10,5,7
297,301," Drowning in the abyss of despair, a heart shattered into fragments, lost in the echoing silence of hopelessness. ", Despair ,2021-09-15 16:00:00, ShatteredHeart , Instagram , #Despair #EchoingSilence ,8.0,16.0, Canada ,2021,9,15,16
15,15, Reflecting on the past and looking ahead.          , Positive  ,2023-01-19 13:20:00, Reflections  , Facebook , #Reflection #Future                     ,20.0,40.0, USA      ,2023,1,19,13
430,434,"Isolation deepens, an emotional winter where warmth is but a distant memory. ", Isolation ,2020-04-02 14:20:00, WinterOfEmotions , Instagram , #Isolation #EmotionalWinter            ,35.0,70.0, Japan       ,2020,4,2,14
257,261," Bathed in the glow of inspiration, a creative phoenix rising from the ashes of ordinary thoughts to explore new realms. ", Inspired ,2019-10-25 16:50:00, PhoenixExplorer , Twitter , #Inspired #CreativePhoenix ,15.0,30.0, UK ,2019,10,25,16
584,588,Lost my headphones again. How do they vanish into thin air? #HeadphoneMystery #TeenLife , Frustration ,2023-05-23 16:45:00, AudioExplorer , Twitter , #TeenProblems #LostHeadphones ,20.0,40.0, USA,2023,5,23,16
325,329," Overwhelmed by the maze of expectations, a minotaur of pressure lurking in the labyrinth, waiting to devour the spirit of resilience. ", Overwhelmed ,2020-02-22 15:20:00, MazeExplorer , Facebook , #Overwhelmed #MinotaurOfPressure ,22.0,44.0, USA ,2020,2,22,15
519,523,"In the mosh pit of a Metallica concert, the thunderous chords create a symphony of headbanging ecstasy. ", Ecstasy ,2023-03-20 22:30:00, MetallicaMoshWarrior , Facebook , #Ecstasy #MetallicaConcert ,35.0,70.0, USA ,2023,3,20,22
399,403,Riding the adrenaline rush on a rollercoaster's wild twists.      , Adrenaline     ,2020-07-25 12:45:00, ThrillSeeker    , Facebook , #Adrenaline #RollercoasterThrills      ,22.0,45.0, Germany         ,2020,7,25,12
347,351,Gratitude for the simple joys found in a cup of morning coffee.    , Gratitude     ,2017-04-15 08:00:00, CoffeeLover     , Twitter  , #Gratitude #MorningCoffee                 ,22.0,45.0, India             ,2017,4,15,8
282,286," A playful escapade in the carnival of life, carousel laughter and cotton candy dreams swirling in the joyous atmosphere. ", Playful ,2018-08-22 17:20:00, CarnivalDreamer , Facebook , #Playful #CarnivalEscapade ,24.0,48.0, Australia ,2018,8,22,17
382,386,Radiant joy akin to blooming flowers on a sun-kissed spring morning. , Radiance    ,2022-05-05 10:15:00, SpringEnthusiast , Facebook , #Radiance #SpringBlooms                 ,25.0,50.0, Netherlands     ,2022,5,5,10
9,9, Missing summer vibes and beach days.               , Neutral   ,2023-01-17 12:20:00, BeachLover   , Facebook , #Summer #BeachDays                      ,18.0,35.0, Australia ,2023,1,17,12
250,254," Gazing towards the horizon with hopeful eyes, painting a canvas of dreams illuminated by the sun of optimism. ", Hopeful ,2022-04-18 08:00:00, DreamPainter , Instagram , #Hopeful #CanvasOfDreams ,12.0,24.0, India ,2022,4,18,8
22,22, Productive day ticking off my to-do list.          , Positive  ,2023-01-21 16:45:00, ProductivityPro, Instagram , #Productivity #WorkFromHome           ,30.0,60.0, USA ,2023,1,21,16
222,224," Flipping through the pages of an old yearbook, nostalgia painting smiles and tears on my face. ", Nostalgia       ,2017-06-18 14:45:00, YearbookExplorer  , Instagram , #Nostalgia #YearbookMemories            ,12.0,25.0, India         ,2017,6,18,14
600,604,Embarked on a DIY home decor project. Let's hope it turns out better than last time. #DIYAdventure #TeenHomeDecor , Excitement ,2023-06-08 16:00:00, HomeDecorator , Instagram , #DIYGoals #TeenCreative ,35.0,70.0, UK,2023,6,8,16
717,721,Collaborating on a group project to promote teamwork and shared responsibilities. Group effort in action. , Neutral ,2023-10-14 17:30:00, GroupProjectCollaborationHighSchool , Facebook , #TeamSpirit #HighSchoolProjects ,18.0,35.0, USA,2023,10,14,17
418,422,Imbued with gratitude for the simple pleasure of a warm cup of tea. , Gratitude    ,2023-02-15 08:30:00, TeaEnthusiast  , Twitter  , #Gratitude #WarmTea                    ,18.0,35.0, Japan           ,2023,2,15,8
612,616,"Joined a community choir, harmonizing with fellow voices. Music creates bonds that withstand time. #CommunityChoir #HarmonyInAging ", Joy ,2023-06-20 14:20:00, ChoirEnthusiast , Instagram , #MusicHarmony #SeniorVoices ,20.0,40.0, USA,2023,6,20,14
204,206," Embracing the ebb and flow of life, finding acceptance in the dance of existence. ", Acceptance      ,2023-01-10 16:20:00, ZenLifestyle      , Instagram , #Acceptance #LifeJourney                   ,15.0,30.0, UK           ,2023,1,10,16
449,453,"In the wasteland of lost trust, the echoes of broken promises reverberate. ", Betrayal ,2016-12-12 10:00:00, TrustWasteland , Facebook , #Betrayal #ReverberatingPromises ,25.0,50.0, Italy ,2016,12,12,10
94,96, Bitter experience at the customer service department.   , Bitter       ,2023-02-26 15:00:00, CustomerWoes    , Facebook , #BitterExperience #CustomerService         ,18.0,35.0, USA       ,2023,2,26,15
333,337,Awe-struck by the breathtaking sunrise over the mountains.      , Awe           ,2022-04-03 06:15:00, NatureAdmirer  , Instagram , #Awe #BreathtakingSunrise                   ,28.0,55.0, USA               ,2022,4,3,6
383,387,A sense of wonder at the vastness of the cosmos on a stargazing night. , Wonder     ,2018-07-08 23:00:00, CosmosExplorer  , Instagram , #Wonder #StargazingAdventure            ,40.0,80.0, South Africa    ,2018,7,8,23
424,428,"Despair clouds the mind, feeling adrift in an endless sea of darkness. ", Despair   ,2016-05-15 22:30:00, LostInDarkness  , Instagram , #Despair #EndlessDarkness               ,28.0,55.0, Australia        ,2016,5,15,22
285,289," With empathy as a lantern, wandering through the dark alleys of sorrow, illuminating the path with compassion and care. ", Empathetic ,2023-09-03 21:40:00, LanternWanderer , Facebook , #Empathetic #LanternOfCompassion ,16.0,32.0, USA ,2023,9,3,21
185,187," Intimidation by the challenges ahead, fear takes hold.", Intimidation ,2021-10-22 18:30:00, FearfulJourney   , Twitter  , #Intimidation #FacingFear                   ,15.0,30.0, India         ,2021,10,22,18
591,595,"Bought a new video game, played for hours, forgot to eat. The ultimate gaming session. #GamerLife #NoFoodGaming ", Excitement ,2023-05-30 20:45:00, GamingEnthusiast , Instagram , #GameOn #TeenGamer ,22.0,45.0, USA,2023,5,30,20
330,334," Dismissive gestures, a curtain drawn to shield the vulnerability, a stage where emotions take a backseat to the performance of indifference. ", Dismissive ,2018-08-18 14:00:00, IndifferentFort , Instagram , #Dismissive #IndifferencePerformance ,12.0,24.0, Australia ,2018,8,18,14
154,156, Gratitude for the small joys that each day brings.   , Gratitude     ,2012-03-30 11:20:00, JoyfulHeart2    , Facebook , #Gratitude #SmallJoys                        ,15.0,30.0, Australia   ,2012,3,30,11
76,78, A moment of shame for not standing up against injustice. , Shame        ,2023-02-19 19:45:00, ReflectiveSelf  , Facebook , #Shame #Injustice                           ,15.0,30.0, India      ,2023,2,19,19
378,382,Pensive contemplation amid the ancient ruins of a forgotten civilization. , Pensive ,2023-04-18 17:10:00, RuinsExplorer   , Twitter  , #Pensive #AncientCivilization           ,18.0,35.0, Greece           ,2023,4,18,17
278,282," Charting a course through the waves of hopeful anticipation, a sailor steering towards the shores of dreams yet unexplored. ", Hopeful ,2022-10-30 11:40:00, WaveNavigator , Twitter , #Hopeful #SailorOfDreams ,17.0,34.0, Australia ,2022,10,30,11
69,71, Anticipating a thrilling adventure in the coming weeks. , Anticipation ,2023-02-17 07:30:00, AdventureAwaits  , Instagram , #Anticipation #Adventure                    ,20.0,40.0,USA,2023,2,17,7
672,676,Creating a secret handshake with friends. Friendship level: Expert! , Joy ,2023-08-30 17:30:00, SecretHandshakeHighSchool , Facebook , #FriendshipGoals #HighSchoolMemories ,20.0,40.0, USA,2023,8,30,17
